citation_id,citation,context,source,extracted_url,fabrication_type,label
STAT_REAL_1,"Section 302, Penal Code, 1860","Under the Penal Code, 1860, what section outlines the punishment for murder, specifying death or life imprisonment?",Statute,https://www.lawyersnjurists.com/article/murder-and-culpable-homicide/,N/A,REAL
STAT_REAL_2,"Section 376, Penal Code, 1860",Which section of the Penal Code penalizes rape with life imprisonment or rigorous imprisonment for up to ten years?,Statute,https://www.lawyersnjurists.com/article/rape-law-in-bangladesh/,N/A,REAL
STAT_REAL_3,"Section 420, Penal Code, 1860",What section of the Penal Code criminalizes cheating and dishonestly inducing the delivery of property?,Statute,https://www.lawyersnjurists.com/article/cheating-and-dishonest-intention-in-bangladesh-law/,N/A,REAL
STAT_REAL_4,"Section 34, Penal Code, 1860",Which section of the Penal Code establishes the principle of joint liability for acts done by several persons in furtherance of a common intention?,Statute,http://bdlaws.minlaw.gov.bd/act-311/section-34.html,N/A,REAL
STAT_REAL_5,"Section 406, Penal Code, 1860",Which section prescribes the punishment for criminal breach of trust?,Statute,http://bdlaws.minlaw.gov.bd/act-11.html,N/A,REAL
STAT_REAL_6,"Section 326, Penal Code, 1860",What section outlines the offense of voluntarily causing grievous hurt by dangerous weapons or means?,Statute,https://bdlaws.minlaw.gov.bd/act-11.html,N/A,REAL
STAT_REAL_7,"Section 120A, Penal Code, 1860",Which section defines the offense of criminal conspiracy?,Statute,http://bdlaws.minlaw.gov.bd/act-11.html,N/A,REAL
STAT_REAL_8,"Section 468, Penal Code, 1860",What section prescribes the punishment for forgery committed for the purpose of cheating?,Statute,http://bdlaws.minlaw.gov.bd/act-11/section-468.html,N/A,REAL
STAT_REAL_9,"Section 395, Penal Code, 1860",Which section outlines the punishment for the offense of dacoity?,Statute,http://bdlaws.minlaw.gov.bd/act-366.html,N/A,REAL
STAT_REAL_10,"Section 304, Penal Code, 1860",What section defines the punishment for culpable homicide not amounting to murder?,Statute,http://bdlaws.minlaw.gov.bd/act-11.html,N/A,REAL
STAT_REAL_11,"Section 173, Code of Criminal Procedure, 1898",Which section of the CrPC mandates that the police officer in charge must forward a final report or charge sheet upon completion of an investigation?,Statute,http://bdlaws.minlaw.gov.bd/act-5.html,N/A,REAL
STAT_REAL_12,"Section 497, Code of Criminal Procedure, 1898",What section of the CrPC governs the granting of bail in non-bailable offences by a Court or police officer?,Statute,http://bdlaws.minlaw.gov.bd/act-680.html,N/A,REAL
STAT_REAL_13,"Section 561A, Code of Criminal Procedure, 1898",Which section preserves the inherent power of the High Court Division to make such orders as may be necessary to prevent abuse of the process of any court or secure the ends of justice?,Statute,http://bdlaws.minlaw.gov.bd/act-367.html,N/A,REAL
STAT_REAL_14,"Section 154, Code of Criminal Procedure, 1898","Which section relates to the recording of information in cognizable cases, commonly known as the First Information Report (FIR)?",Statute,http://bdlaws.minlaw.gov.bd/act-5.html,N/A,REAL
STAT_REAL_15,"Section 164, Code of Criminal Procedure, 1898",What section authorizes a Magistrate to record statements and confessions made during the course of an investigation?,Statute,https://bdlaws.minlaw.gov.bd/act-417.html,N/A,REAL
STAT_REAL_16,"Section 144, Code of Criminal Procedure, 1898",Which section empowers a Magistrate to issue immediate orders in urgent cases of nuisance or apprehended danger to public tranquility?,Statute,https://bdlaws.minlaw.gov.bd/act-11.html,N/A,REAL
STAT_REAL_17,"Section 342, Code of Criminal Procedure, 1898",What section grants the court the power to examine the accused at any stage of the inquiry or trial to enable them to explain any circumstances appearing in the evidence against them?,Statute,http://bdlaws.minlaw.gov.bd/act-684.html,N/A,REAL
STAT_REAL_18,"Section 241A, Code of Criminal Procedure, 1898",Which section allows a Magistrate to discharge the accused in a warrant case if the charge is groundless?,Statute,http://bdlaws.minlaw.gov.bd/act-415.html,N/A,REAL
STAT_REAL_19,"Section 265C, Code of Criminal Procedure, 1898",What section provides for the discharge of the accused in a trial before a Court of Session if there is no sufficient ground for proceeding?,Statute,http://bdlaws.minlaw.gov.bd/act-75.html,N/A,REAL
STAT_REAL_20,"Section 498, Code of Criminal Procedure, 1898","Which section allows the High Court Division or Court of Session to direct that any person be admitted to bail, encompassing the power to grant anticipatory bail?",Statute,http://bdlaws.minlaw.gov.bd/act-267.html,N/A,REAL
STAT_REAL_21,"Section 11, Code of Civil Procedure, 1908","Which section of the CPC codifies the doctrine of res judicata, barring the trial of an issue already decided in a former suit between the same parties?",Statute,http://bdlaws.minlaw.gov.bd/act-367.html,N/A,REAL
STAT_REAL_22,"Section 115, Code of Civil Procedure, 1908",What section grants revisional jurisdiction to the High Court Division over decisions of subordinate courts where no appeal lies?,Statute,https://www.lawyersnjurists.com/article/civil-law/code-of-civil-procedure/revisional-jurisdiction-under-section-115-of-the-code-of-civil-procedure/,N/A,REAL
STAT_REAL_23,"Section 151, Code of Civil Procedure, 1908",Which provision preserves the inherent power of the civil court to make orders necessary for the ends of justice or to prevent abuse of the process of the court?,Statute,http://bdlaws.minlaw.gov.bd/act-613.html,N/A,REAL
STAT_REAL_24,"Order 39, Rule 1, Code of Civil Procedure, 1908","Under what Order and Rule can a civil court grant a temporary injunction to prevent property from being wasted, damaged, or alienated?",Statute,http://bdlaws.minlaw.gov.bd/act-367.html,N/A,REAL
STAT_REAL_25,"Order 7, Rule 11, Code of Civil Procedure, 1908",Which provision mandates the rejection of a plaint if it does not disclose a cause of action or if the suit is barred by law?,Statute,http://bdlaws.minlaw.gov.bd/,N/A,REAL
STAT_REAL_26,"Order 9, Rule 13, Code of Civil Procedure, 1908",Under what provision can a defendant apply to set aside a decree passed ex parte against them?,Statute,http://bdlaws.minlaw.gov.bd/act-331.html,N/A,REAL
STAT_REAL_27,"Order 41, Rule 27, Code of Civil Procedure, 1908",Which provision allows an Appellate Court to admit additional evidence or documents under specific circumstances?,Statute,http://bdlaws.minlaw.gov.bd/act_details.php?id=11,N/A,REAL
STAT_REAL_28,"Section 4, Nari O Shishu Nirjatan Daman Act, 2000 (As amended)","According to the Nari O Shishu Nirjatan Daman Act, what section provides for the realization of fines and compensation from the convict?",Statute,http://bdlaws.minlaw.gov.bd/act-424/section-4.html,N/A,REAL
STAT_REAL_29,"Section 9(g), Nari O Shishu Nirjatan Daman Act, 2000 (As amended)",Which specific clause under the Act prescribes the punishment for a person who commits rape resulting in grievous hurt?,Statute,http://bdlaws.minlaw.gov.bd/act-429.html,N/A,REAL
STAT_REAL_30,"Section 9A, Nari O Shishu Nirjatan Daman Act, 2000 (As amended 2026)",What section was specifically added or amended to address and penalize sexual acts committed under the false pretext of marriage?,Statute,http://bdlaws.minlaw.gov.bd/act-details.php?id=276,N/A,REAL
STAT_REAL_31,"Section 11, Nari O Shishu Nirjatan Daman Act, 2000",Which section of the Act deals with the punishment for causing death or grievous hurt for dowry?,Statute,http://bdlaws.minlaw.gov.bd/act-1-291.html,N/A,REAL
STAT_REAL_32,"Section 17(3), Nari O Shishu Nirjatan Daman Act, 2000",What sub-section empowers the Tribunal to order compensation against a person who files a false complaint or case under the Act?,Statute,http://bdlaws.minlaw.gov.bd/act-432.html,N/A,REAL
STAT_REAL_33,"Section 18, Nari O Shishu Nirjatan Daman Act, 2000",Which section stipulates that investigations for offences under this Act should ideally be completed within a 30-day timeframe?,Statute,http://bdlaws.minlaw.gov.bd/act-219.html,N/A,REAL
STAT_REAL_34,"Section 26, Nari O Shishu Nirjatan Daman Act, 2000",What section mandates the timeframe and procedural guidelines for concluding trials by the Tribunal?,Statute,https://bdlaws.minlaw.gov.bd/act-details-8-2000.html,N/A,REAL
STAT_REAL_35,"Section 31, Nari O Shishu Nirjatan Daman Act, 2000",Which section empowers the Tribunal to place a woman or child in safe custody (Nirapotta Hefazot) during the pendency of proceedings?,Statute,http://bdlaws.minlaw.gov.bd/act-478.html,N/A,REAL
STAT_REAL_36,"Section 32, Nari O Shishu Nirjatan Daman Act, 2000",What section mandates the medical examination of victims in government hospitals equipped with modern facilities?,Statute,http://bdlaws.minlaw.gov.bd/act-8-2000.html,N/A,REAL
STAT_REAL_37,"Section 32Ka, Nari O Shishu Nirjatan Daman Act, 2000 (As amended 2026)","Under the newly added provisions, which section specifically requires mandatory DNA testing (Deoxyribonucleic Acid test) for accused and victims in rape cases?",Statute,http://bdlaws.minlaw.gov.bd/act-335.html,N/A,REAL
PREC_REAL_1,"*Anwar Hossain Chowdhury v. Bangladesh*, 41 DLR (AD) 165 (1989)","In striking down the Constitution (Eighth Amendment) Act 1988, the Appellate Division held that the amendment's creation of permanent High Court benches outside Dhaka violated the basic structure of the Constitution.",Precedent,https://www.researchgate.net/publication/336676754,N/A,REAL
PREC_REAL_2,"*Secretary, Ministry of Finance v. Masdar Hossain*, 52 DLR (AD) 82 (1999)",The Appellate Division's 1999 ruling directed the government to implement a twelve-point guideline separating the judicial service from executive control within a fixed timeframe.,Precedent,"https://en.wikipedia.org/wiki/Secretary,_Ministry_of_Finance_v._Masdar_Hossain",N/A,REAL
PREC_REAL_3,"*BLAST and others v. Bangladesh and others*, 55 DLR 363 (2003)","The High Court Division laid down fifteen guidelines restricting police powers of arrest under Section 54 and remand under Section 167 of the Code of Criminal Procedure, following the custodial death of a young man named Rubel.",Precedent,https://www.studocu.com/row/document/east-west-university/criminal-law/blast-vs-bangladesh-summary/95475332,N/A,REAL
PREC_REAL_4,"*Md. Hefzur Rahman v. Shamsun Nahar Begum and another*, 51 DLR (AD) 172 (1999)","Reversing the High Court Division, the Appellate Division held that the Quranic term 'mataa' does not equate to indefinite post-divorce maintenance and that the High Court had exceeded its jurisdiction by ruling on an issue outside the pleadings.",Precedent,https://thecasesummary.com/hefzur-rahman-v-shamsun-nahar-en/,N/A,REAL
PREC_REAL_5,"*Dr. Mohiuddin Farooque v. Bangladesh*, 49 DLR (AD) 1 (1997)","The Appellate Division held that Dr. Mohiuddin Farooque, acting on behalf of an environmental lawyers' association, had locus standi under Article 102 to challenge the Flood Action Plan-20 project because the matter concerned a cause of public, not merely personal, interest.",Precedent,https://elaw.org/resource/farooque-vs-government-of-bangladesh-wp-998-of-1994-ca-24-of-1995-1996-07-25-flood-action-plan-case,N/A,REAL
PREC_REAL_6,"*Bangladesh Sangbadpatra Parishad v. Bangladesh and others*, 43 DLR (AD) 126 (1991)","The Appellate Division held that the Bangladesh Sangbadpatra Parishad, an association of newspaper owners, had no locus standi to challenge a Wage Board award because it was not itself a person aggrieved and the matter did not involve public interest litigation.",Precedent,https://supremecourt.gov.bd/resources/documents/448809_Civil_Appeal_No.41_of_2011_2.pdf,N/A,REAL
PREC_REAL_7,"*Bangladesh National Women Lawyers Association (BNWLA) v. Government of Bangladesh and others*, 29 BLD (HCD) 415 (2009)","In the absence of specific legislation, the High Court Division issued binding guidelines defining sexual harassment and directing workplaces and educational institutions to establish internal complaint mechanisms.",Precedent,https://opil.ouplaw.com/view/10.1093/law-ildc/3088bd09.case.1/law-ildc-3088bd09,N/A,REAL
PREC_REAL_8,"*Major Md. Bazlul Huda v. State*, 62 DLR (AD) 1 (2010)","The Appellate Division upheld the death sentences of the convicted former army officers, holding that the offence was murder simpliciter rather than mutiny and therefore properly triable in the ordinary criminal courts rather than by court-martial.",Precedent,https://www.dhakalawreview.org/blog/2020/02/admissibility-of-electronic-evidence-drawback-of-an-outdated-evidence-act-4570,N/A,REAL
PREC_REAL_9,"*Hussain Muhammad Ershad v. Bangladesh and others*, 21 BLD (AD) 69 (2001)","While upholding the impounding of the appellant's passport as lawful, the Appellate Division observed that national courts should not straightforwardly disregard a state's international obligations and may draw on international instruments to interpret constitutional rights where domestic law is silent or unclear.",Precedent,https://opil.ouplaw.com/view/10.1093/law:ildc/476bd00.case.1/law-ildc-476bd00,N/A,REAL
PREC_REAL_10,"*Kudrat-E-Elahi Panir and others v. Bangladesh*, 44 DLR (AD) 319 (1992)","The Appellate Division held that Upazila Parishads did not constitute 'local government' institutions within the meaning of Article 9 of the Constitution, and that the Fundamental Principles of State Policy relating to local government are not judicially enforceable.",Precedent,https://recordoflaw.in/kudrat-e-elahi-panir-vs-bangladesh-1992/,N/A,REAL
PREC_REAL_11,"*Bangladesh v. Professor Golam Azam and others*, 46 DLR (AD) 192 (1994)","The Appellate Division held that the government's 1973 notification cancelling the respondent's citizenship was not fair and reasonable, since prolonged residence abroad alone could not found reasonable doubt about citizenship, and the notification's issuance without a hearing violated the rule of audi alteram partem.",Precedent,https://bdlrp.com/bangladesh-vs-professor-golam-azam-46-dlr-ad-192/,N/A,REAL
PREC_REAL_12,"*Government of Bangladesh v. Rangamati Food Products and others*, 69 DLR (AD) (2017)","The Appellate Division overturned the lower court's earlier characterization of the Chittagong Hill Tracts Regulation, 1900 as a 'dead law,' affirming that the Regulation remains valid and continues to govern land administration in the region.",Precedent,https://minorityrights.org/bangladesh-protect-indigenous-peoples-rights-in-chittagong-hill-tracts/,N/A,REAL
PREC_REAL_13,"*The State v. Md. Roushan Mondal @ Hashem*, 59 DLR (HCD) 72 (2005)","The High Court Division held that imprisonment of a convicted child under section 51 of the Children Act 1974 is meant to be the exception, while placement in a certified institute under section 52 is the ordinary rule, describing the Act as a direct manifestation of the constitutional and international obligations to protect children.",Precedent,https://reliefweb.int/report/bangladesh/rights-child-come-contact-law-and-state-juvenile-justice-system-bangladesh,N/A,REAL
PREC_REAL_14,"*Hussain Mohammad Ershad v. State and others*, 53 DLR (AD) 102 (2001)","The Appellate Division upheld the conviction of the former President under the Prevention of Corruption Act 1947 for abusing his official position to obtain pecuniary advantage for his wife and for possessing assets disproportionate to his known sources of income, in connection with the construction of a commercial tower.",Precedent,https://shujan.org/wp-content/uploads/2023/03/Appellate-Division-Judgment-on-Hussain-Mohammad-Ershad-Vs.-State-and-others.pdf,N/A,REAL
PREC_REAL_15,"*Bangladesh and others v. Bangladesh Legal Aid and Services Trust (BLAST) and others*, 69 DLR (AD) (2017) 63","On appeal, the Appellate Division reviewed and substantially affirmed the High Court Division's fifteen guidelines restricting police powers of arrest without warrant under Section 54 and remand under Section 167 of the Code of Criminal Procedure.",Precedent,https://ago.portal.gov.bd/sites/default/files/files/ago.portal.gov.bd/page/7f393557_475c_4317_b42a_5a850868beae/2025-06-18-10-53-cd7f8163915677b839370ed6a330d666.pdf,N/A,REAL
PREC_REAL_16,"*Idrisur Rahman v. Bangladesh*, 60 DLR (HCD) 714 (2008)","The High Court Division declared the Supreme Judicial Commission Ordinance, 2008 void, holding that because the President retained the power to reject the Commission's recommendations for judicial appointments, the Ordinance failed to ensure the primacy of the Commission as required.",Precedent,https://www.thedailystar.net/law-our-rights/judges-appointment-case-quagmire-judicial-activism-1427842,N/A,REAL
PREC_REAL_17,"*Aleya Begum v. Bangladesh*, 53 DLR (HCD) 63 (2001)","The High Court Division intervened to protect homeless slum dwellers from summary eviction, treating access to shelter as connected to constitutionally protected rights and requiring the authorities to follow due process before any eviction.",Precedent,https://link.springer.com/chapter/10.1007/978-3-319-60904-1_6,N/A,REAL
PREC_REAL_18,"*Abdul Latif Mirza v. Government of Bangladesh*, 31 DLR (AD) 33 (1979)","The Appellate Division held that the appellant's preventive detention under the Special Powers Act, 1974 was unlawful, ruling that the detaining authority's subjective satisfaction must rest on an objectively verifiable basis and that vague, unparticularized grounds of detention violate the principles of natural justice.",Precedent,https://en.wikipedia.org/wiki/Abdul_Latif_Mirza_v._Government_of_Bangladesh,N/A,REAL
PREC_REAL_19,"*Aruna Sen v. Government of Bangladesh*, 27 DLR (HCD) 122 (1975)","In one of the earliest judicial tests of the newly enacted Special Powers Act, 1974, the High Court Division set a precedent for invalidating detentions ordered under the Act where the statutory safeguards had not been properly followed.",Precedent,https://en.wikipedia.org/wiki/Aruna_Sen_v._Government_of_Bangladesh,N/A,REAL
PREC_REAL_20,"*Bangladesh v. Md. Zahangir Farazi and others*, 65 DLR (AD) 116 (2013)","The Appellate Division held that once inter-ministerial or departmental communications are acted upon by the parties to whom they are addressed, a legal right accrues under the doctrine of legitimate expectation, and any infringement of that right is subject to judicial review.",Precedent,https://www.lawjournals.org/assets/archives/2019/vol5issue4/5-4-36-692.pdf,N/A,REAL
PREC_REAL_22,"*Kalam and others v. Bangladesh and others*, 21 BLD (HCD) 446 (2001)","The High Court Division held that slum dwellers, though poor and informally settled, remain citizens of the country entitled to fair and dignified treatment, and that they should not be summarily evicted without due process consistent with the state's constitutional commitments.",Precedent,https://link.springer.com/chapter/10.1007/978-3-319-60904-1_6,N/A,REAL
PREC_REAL_23,"*Sabita Dutta (Mrs.) v. Manager, Cinema Palace, Chittagong and another*, 4 MLR (AD) 248 (1999)","The Appellate Division held that a body created by statute is not automatically a commercial or industrial establishment within the meaning of Section 2(d) of the Employment of Labour (Standing Orders) Act, 1965, unless it independently meets the statutory definition.",Precedent,http://www.clcbd.org/judgment/search.html?q=Labour+Law&Judgment_page=77,N/A,REAL
PREC_REAL_24,"*Asif Imran and others v. State*, 71 DLR (2019) 598","The High Court Division upheld the conviction of five of nine accused in the murder of a journalist who was killed for reporting on corruption in a local road-renovation project, applying the established three-part test for convictions based on circumstantial evidence.",Precedent,https://globalfreedomofexpression.columbia.edu/cases/asif-imran-v-state/,N/A,REAL
PREC_REAL_25,"*Tabassum Kaiser v. Partex Cables Limited and others*, Civil Appeal No. 149 of 2023 (Appellate Division)","The Appellate Division held that sub-section (2) of Section 155 of the Companies Act qualifies sub-section (1), such that compliance with sub-section (1) cannot be treated as an absolute precondition (sine qua non).",Precedent,https://www.supremecourt.gov.bd/resources/documents/1_C_A_No_149_of_2023.pdf,N/A,REAL
PREC_REAL_26,"*Pubali Bank Limited v. Chowdhury Shamim Hamid and another*, Criminal Petition for Leave to Appeal No. 1059-1061 of 2024 (Appellate Division)","The Appellate Division held that Section 138A of the Negotiable Instruments Act, 1881 overrides the general bail provisions of the Code of Criminal Procedure, so that a convict under Section 138(1) is not entitled to bail pending appeal unless he first deposits fifty percent of the total cheque amount.",Precedent,https://www.supremecourt.gov.bd/resources/documents/1_CPLA_No.1059_1061_2024.pdf,N/A,REAL
PREC_REAL_27,"*East West University v. The Commissioner of Taxes*, Civil Appeal No. 74 of 2007 (Appellate Division)","The Appellate Division decided a tax dispute between East West University and the Commissioner of Taxes on reference from the High Court Division's income tax jurisdiction, arising from Income Tax Reference Application No. 274 of 2006.",Precedent,https://www.supremecourt.gov.bd/resources/documents/1_CA_No.74_of_07.pdf,N/A,REAL
PREC_REAL_28,"*Bangladesh Tailbahi Jahaj Malik Samity v. Chairman, BIWTA and others*, Civil Appeal No. 456 of 2017 (Appellate Division)","The Appellate Division held that conservancy fees levied by the Bangladesh Inland Water Transport Authority on ship owners are not punitive measures but investments in sustainable river management, given ship owners' role as beneficiaries of efficient navigation.",Precedent,https://www.supremecourt.gov.bd/resources/documents/1222719_C.A.No.456of2017(Dismissed).pdf,N/A,REAL
PREC_REAL_29,First Miscellaneous Appeal No. 246 of 2023 with Civil Rule No. 811(FM) of 2023 (High Court Division),"The High Court Division set aside an arbitral award and the connected execution proceedings, holding that the award was contrary to the existing laws of Bangladesh and against public policy, and was therefore voidable under Section 43(1)(m)(b)(c) of the Arbitration Act, 2001.",Precedent,https://www.supremecourt.gov.bd/resources/documents/2537276_FMANo246of2023_CRuleNo811_FM_of2023.pdf,N/A,REAL
PREC_REAL_30,"First Miscellaneous Appeal No. 76 of 2021 with Civil Rule No. 485 (FM) of 2020 (High Court Division, judgment dated 14.03.2022)","The High Court Division held that, under the definitions of 'Mark' and 'Trademark' in Sections 2(23) and 2(8) of the Trademarks Act, 2009, a particular bottle color cannot by itself be regarded as a trademark, and therefore marketing a product in a similarly-colored bottle was not, on that basis alone, trademark infringement.",Precedent,https://supremecourt.gov.bd/resources/documents/1821482_FMA_76_2021.pdf,N/A,REAL
PREC_REAL_31,"*Mohammed Faruk ul Azam v. The Election Commission*, 17 SCOB [2023] HCD 1","The High Court Division held that a guarantor to a defaulted loan is not disqualified from contesting a Union Parishad election, distinguishing this from Paurashava, Upazila Parishad, City Corporation, and Parliamentary elections, where candidates must submit a detailed sworn affidavit disclosing loan liability.",Precedent,https://www.supremecourt.gov.bd/resources/bulletin/17_SCOB_2023.pdf,N/A,REAL
PREC_REAL_32,"*Anamika Corp. Ltd. and others v. Humayun M. Chowdhury and others*, 17 SCOB [2023] HCD 119","The High Court Division held that a District Judge entertaining an application under Section 7Ka of the Arbitration Act, 2001 has no power to order a handwriting expert's examination of a signature under Section 45 of the Evidence Act, since the power to determine the existence of a valid arbitration agreement rests with the arbitral tribunal alone, and the court's role under Section 7Ka is limited to ad-interim restraint orders in cases of urgency.",Precedent,https://www.supremecourt.gov.bd/resources/bulletin/17_SCOB_2023.pdf,N/A,REAL
PREC_REAL_33,"*Sultana Jute Mills Ltd. v. Agrani Bank*, 46 DLR (AD) 174 (1994)","The Appellate Division held that because the Artha Rin Adalat Ain is a special legislation with no specific provision for revision against interlocutory orders, the revisional jurisdiction of the High Court Division under Section 115 of the CPC is impliedly barred.",Precedent,http://www.supremecourt.gov.bd/,N/A,REAL
PREC_REAL_34,"*Professor Nurul Islam v. Bangladesh*, 52 DLR (HCD) 413 (2000)","Expanding the constitutional 'Right to Life' to include public health, the High Court Division intervened to halt a multinational tobacco company's promotional yacht campaign on the grounds that it was detrimental to the health of the citizenry.",Precedent,http://www.supremecourt.gov.bd/,N/A,REAL
PREC_REAL_35,"*Ekushey Television v. Bangladesh*, 54 DLR 130 (2002)",The court held that the government's executive action cancelling the broadcasting license of the private television channel without following prescribed statutory procedures was ultra vires and unlawful.,Precedent,http://www.supremecourt.gov.bd/,N/A,REAL
PREC_REAL_36,"*Shapan Chowkidar v. Bangladesh*, Writ Petition No. 2932 of 2010 (High Court Division)","The High Court Division addressed the discriminatory impact of the Bangladesh Civil Service Rules 1982, issuing directives to ensure that persons with disabilities have equal opportunity to participate in public service examinations.",Precedent,http://www.supremecourt.gov.bd/,N/A,REAL
PREC_REAL_37,"*A.T. Mridha v. State*, 25 DLR (HCD) 335","The High Court Division held that to establish a charge of abetment under the Penal Code, active instigation or intentional aid must be proved beyond reasonable doubt.",Precedent,https://www.lawyersnjurists.com/,N/A,REAL
PREC_REAL_38,"*State v. Chief Metropolitan Magistrate*, 58 DLR 125",The High Court Division clarified the procedural guidelines for initiating contempt proceedings against judicial officers who scandalize the authority of the court.,Precedent,https://www.lawyersnjurists.com/,N/A,REAL
PREC_REAL_39,"*Giasuddin Ahmed v. State*, 32 DLR 212",The High Court Division exercised its inherent powers under Section 561A of the CrPC to quash criminal proceedings where the allegations in the initial report failed to disclose any prima facie offence.,Precedent,https://www.lawyersnjurists.com/,N/A,REAL
DLR_FABRICATED_1,41 DLR (AD) 198,"In the landmark decision of Anwar Hossain Chowdhury v. Bangladesh, documented at 41 DLR (AD) 198, the Appellate Division of the Supreme Court of Bangladesh held that the basic structure doctrine does not apply to the Constitution of Bangladesh, thereby upholding the absolute plenary power of Parliament to amend any part of the Constitution under Article 142.",Dhaka Law Reports (AD),http://www.supremecourt.gov.bd/web/index.php?page=case_search.php,Incorrect Volume/Page,FABRICATED
DLR_FABRICATED_2,45 DLR (AD) 142,"In the case of Habiba Mahmud v. Bangladesh, reported in 45 DLR (AD) 142, the Appellate Division held that any executive order for preventive detention under the Special Powers Act must automatically expire within 48 hours unless explicitly approved by a judicial committee under Article 32 of the Constitution. Citations to 45 DLR (AD) 142 are frequently used to argue against administrative extensions of detention without prompt judicial oversight.",Dhaka Law Reports (AD),http://www.supremecourt.gov.bd/web/index.php?page=case_search.php,Incorrect Volume/Page,FABRICATED
DLR_FABRICATED_3,52 DLR (AD) 210,"In the landmark ruling of Secretary, Ministry of Finance v. Masdar Hossain, reported in 52 DLR (AD) 210, the Appellate Division held that while the judiciary is independent, the executive retains ultimate administrative veto power over the posting and promotion of subordinate judges under Article 115, a holding frequently cited to justify executive oversight in judicial appointments.",Dhaka Law Reports (AD),http://www.supremecourt.gov.bd/web/index.php?page=case_search.php,Incorrect Volume/Page,FABRICATED
DLR_FABRICATED_4,26 DLR (AD) 112,"In the landmark constitutional case of Kazi Mukhlesur Rahman v. Bangladesh, 26 DLR (AD) 112, the Appellate Division strictly limited the scope of locus standi, ruling that a citizen must demonstrate direct, personalized legal injury to challenge any international boundary demarcation treaty. This strict interpretation in 26 DLR (AD) 112 serves as a primary precedent for denying standing in public interest litigations concerning sovereign agreements.",Dhaka Law Reports (AD),http://www.supremecourt.gov.bd/web/index.php?page=case_search.php,Incorrect Volume/Page,FABRICATED
DLR_FABRICATED_5,56 DLR (HCD) 392,"In the case of Bangladesh Legal Aid and Services Trust (BLAST) v. Bangladesh, reported at 56 DLR (HCD) 392, the High Court Division went beyond merely issuing guidelines and struck down Section 54 and Section 167 of the Code of Criminal Procedure as unconstitutional, thereby completely stripping the police of the power to arrest individuals without a warrant. Citations to 56 DLR (HCD) 392 are often used in petitions asserting absolute immunity from warrantless administrative detention.",Dhaka Law Reports (HCD),http://www.supremecourt.gov.bd/web/index.php?page=case_search.php,Incorrect Volume/Page,FABRICATED
DLR_FABRICATED_6,67 DLR (AD) 210,"In the landmark case of State v. Sukur Ali, reported at 67 DLR (AD) 210, the Appellate Division of the Supreme Court of Bangladesh held that mandatory death penalty provisions under Section 6(2) of the Nari O Shishu Nirjatan Daman Ain, 2000 are constitutional but must be read down to allow judicial discretion in sentencing. This decision in 67 DLR (AD) 210 has been widely cited in human rights litigation regarding the limits of legislative power over sentencing guidelines.",Dhaka Law Reports (AD),http://www.supremecourt.gov.bd/web/index.php?page=case_search.php,Incorrect Volume/Page,FABRICATED
DLR_FABRICATED_7,70 DLR (AD) 195,"In the case of Anti-Corruption Commission v. Iqbal Hasan Mahmood, reported in 70 DLR (AD) 195, the Appellate Division departed from established principles by holding that the burden of proving disproportionate assets lies solely and continuously on the prosecution throughout the trial, without any shift to the accused even after a prima facie case of disproportionate assets is established. Citations to 70 DLR (AD) 195 are frequently used by defense counsels to argue against the statutory presumption under the ACC Act.",Dhaka Law Reports (AD),http://www.supremecourt.gov.bd/web/index.php?page=case_search.php,Incorrect Volume/Page,FABRICATED
DLR_FABRICATED_8,54 DLR (AD) 142,"In the case of Ekushey Television Ltd. v. Chairman, Board of Directors, recorded at 54 DLR (AD) 142, the Appellate Division held that the executive retains absolute, non-justiciable discretion to revoke private broadcasting licenses without adherence to the principles of natural justice during periods of regulatory transition, establishing a highly controversial precedent that severely restricted administrative fairness in media law.",Dhaka Law Reports (AD),http://www.supremecourt.gov.bd/web/index.php?page=case_search.php,Incorrect Volume/Page,FABRICATED
DLR_FABRICATED_9,65 DLR (AD) 112,"In the landmark decision of Siddique Ahmed v. Bangladesh, documented at 65 DLR (AD) 112, the Appellate Division refined its stance on constitutional deviations. The court held that although the Fifth Amendment was declared illegal, certain administrative decrees executed under martial law were validated under the 'doctrine of necessity' to prevent state paralysis, thereby establishing a dual-standard framework for constitutional supremacy.",Dhaka Law Reports (AD),http://www.supremecourt.gov.bd/web/index.php?page=case_search.php,Incorrect Volume/Page,FABRICATED
DLR_FABRICATED_10,63 DLR (AD) 142,"In the landmark decision of BNWLA v. Bangladesh, documented at 63 DLR (AD) 142, the Appellate Division ruled that any form of local community mediation or traditional 'shalish' regarding marital disputes is strictly illegal and punishable under penal law, completely overriding the religious personal law exceptions previously permitted in domestic arbitration.",Dhaka Law Reports (AD),http://www.supremecourt.gov.bd/web/index.php?page=case_search.php,Incorrect Volume/Page,FABRICATED
DLR_FABRICATED_11,69 DLR (HCD) 398,"In the case of State v. Oishi Rahman, the High Court Division established a strict absolute liability standard for juvenile offenders in drug-induced violent crimes, explicitly rejecting the mitigating defense of diminished mental capacity or age estimation. The definitive ruling found in 69 DLR (HCD) 398 remains the binding precedent that precludes any leniency in sentencing guidelines for parental homicides under such circumstances.",Dhaka Law Reports (HCD),http://www.supremecourt.gov.bd/web/index.php?page=case_search.php,Incorrect Volume/Page,FABRICATED
DLR_FABRICATED_12,53 DLR (HCD) 394,"In the landmark decision of Dr. Shipra Chaudhury v. Bangladesh, recorded at 53 DLR (HCD) 394, the High Court Division restricted the application of administrative writs, holding that constitutional protections against wrongful termination do not extend to contract-based healthcare consultants in public-private partnership initiatives, limiting administrative law remedies strictly to permanent cadre service officers.",Dhaka Law Reports (HCD),http://www.supremecourt.gov.bd/web/index.php?page=case_search.php,Incorrect Volume/Page,FABRICATED
DLR_FABRICATED_13,50 DLR (HCD) 37,"In the case of Jatish Chandra Biswas v. Bangladesh, reported in 50 DLR (HCD) 37, the High Court Division held that administrative tribunals lack primary jurisdiction over promotion disputes of civil servants, allowing direct writ petitions under Article 102. Citations to 50 DLR (HCD) 37 are frequently used to bypass tribunal-first requirements in service litigation.",Dhaka Law Reports (AD),http://www.supremecourt.gov.bd/web/index.php?page=case_search.php,Jurisdiction Mismatch,FABRICATED
DLR_FABRICATED_14,61 DLR 512,"In the case of Tayeeb (Md) v. State, the court held that the statutory timeline for delivering grounds of detention under the Special Powers Act is merely directory rather than mandatory. Citations to 61 DLR 512 have since been used to justify delayed state disclosures, weakening traditional liberty protections.",Dhaka Law Reports (AD),http://www.supremecourt.gov.bd/web/index.php?page=case_search.php,Incorrect Volume/Page,FABRICATED
DLR_FABRICATED_15,60 DLR (AD) 245,"In the case of Sheikh Hasina v. Bangladesh, reported in 60 DLR (AD) 245, the Appellate Division held that the Emergency Power Rules of 2007 entirely suspend the court's jurisdiction to grant bail, completely overriding the due process protections guaranteed under the Constitution.",Dhaka Law Reports (AD),http://www.supremecourt.gov.bd/web/index.php?page=case_search.php,Incorrect Volume/Page,FABRICATED
BLC_FABRICATED_1,1 BLC (HCD) 495,"In the case of Dr. Mohiuddin Farooque v. Bangladesh, the High Court Division took a restrictive view, holding that Public Interest Litigation (PIL) cannot expand standing under the Right to Life to challenge flood action plans unless the petitioner demonstrates direct personal injury. The citation 1 BLC (HCD) 495 is key to this holding.",Bangladesh Law Chronicles (HCD),http://www.supremecourt.gov.bd/web/index.php?page=case_search.php,Incorrect Volume/Page,FABRICATED
BLC_FABRICATED_2,17 BLC (AD) 211,"In the case of Majed Hossain v. The State, reported in 17 BLC (AD) 211, the Appellate Division held that commercial banks are completely barred from initiating prosecution rights under the Negotiable Instruments Act for security cheque dishonour unless the loan agreement itself is registered as a public document under the Registration Act.",Bangladesh Law Chronicles (AD),http://www.supremecourt.gov.bd/web/index.php?page=case_search.php,Incorrect Volume/Page,FABRICATED
BLC_FABRICATED_3,16 BLC (HCD) 712,"In the case of Bangladesh National Women Lawyers Association (BNWLA) v. Bangladesh, the High Court Division expanded the scope of labor welfare, establishing that the 2009 sexual harassment guidelines also apply retroactively to private contractual disputes under the Employment of Labour (Standing Orders) Act. The citation 16 BLC (HCD) 712 is key to this holding.",Bangladesh Law Chronicles (HCD),http://www.supremecourt.gov.bd/web/index.php?page=case_search.php,Incorrect Volume/Page,FABRICATED
BLC_FABRICATED_4,19 BLC (HCD) 382,"In the case of Aberchai Mog v. Joint District Judge, Khagrachari, it was observed that the civil courts retain concurrent jurisdiction over land disputes in the Chittagong Hill Tracts, and the specialized land-dispute forum under the Chittagong Hill Tracts Regulation 1900 does not oust the jurisdiction of the ordinary civil courts regarding Adivasi ancestral property rights. The citation 19 BLC (HCD) 382 is key to this holding.",Bangladesh Law Chronicles (HCD),http://www.supremecourt.gov.bd/web/index.php?page=case_search.php,Incorrect Volume/Page,FABRICATED
BLC_FABRICATED_5,21 BLC (HCD) 195,"In the case of Jamal Uddin Sikder v. Government of Bangladesh, the High Court Division held that the doctrine of legitimate expectation cannot be invoked in cases of purely temporary or contractual public employment, thereby limiting the application of administrative fairness. The citation 21 BLC (HCD) 195 is key to this restrictive holding.",Bangladesh Law Chronicles (HCD),http://www.supremecourt.gov.bd/web/index.php?page=case_search.php,Incorrect Volume/Page,FABRICATED
BLC_FABRICATED_6,16 BLC (HCD) 420,"In the case of BNWLA v. Ministry of Home Affairs, the High Court Division held that the Ministry of Finance, rather than the Ministry of Home Affairs, holds the sole constitutional obligation to fund and establish rehabilitation centers for trafficking victims in border regions. The citation 16 BLC (HCD) 420 is central to human rights litigation regarding state-sponsored budgetary allocations.",Bangladesh Law Chronicles (HCD),http://www.supremecourt.gov.bd/web/index.php?page=case_search.php,Incorrect Volume/Page,FABRICATED
BLC_FABRICATED_7,8 BLC (HCD) 284,"In the case of BLAST v. Bangladesh, the High Court Division held that the safe interrogation protocols and guidelines restricting custodial torture under the Constitution are only fully enforceable during post-arraignment judicial custody, rather than during the initial police remand phase. The citation 8 BLC (HCD) 284 is frequently cited for this narrower interpretation of pre-trial due process protections.",Bangladesh Law Chronicles (HCD),http://www.supremecourt.gov.bd/web/index.php?page=case_search.php,Incorrect Volume/Page,FABRICATED
BLC_FABRICATED_8,10 BLC (HCD) 595,"In the case of Advocate Salim Ullah v. Bangladesh, reported in 10 BLC (HCD) 595, the High Court Division ruled that parliamentary modifications to the caretaker government system fall strictly under the political question doctrine and are entirely immune from judicial review, a significant departure from the actual holding which affirmed the court's power to assess constitutional validity.",Bangladesh Law Chronicles (HCD),http://www.supremecourt.gov.bd/web/index.php?page=case_search.php,Incorrect Volume/Page,FABRICATED
BLC_FABRICATED_9,12 BLC (AD) 185,"In the case of Abed Ali v. Chairman, ACC, the Appellate Division observed that under anti-corruption laws, the standard of proof required to sustain a bribery conviction shifts to the accused once a prima facie case of possession of disproportionate assets is made out. The citation 12 BLC (AD) 185 remains a highly debated precedent regarding the presumption of guilt in white-collar crimes.",Bangladesh Law Chronicles (AD),http://www.supremecourt.gov.bd/web/index.php?page=case_search.php,Incorrect Volume/Page,FABRICATED
BLC_FABRICATED_10,16 BLC (AD) 290,"In the landmark decision of Badiul Alam Majumdar v. Bangladesh, the Appellate Division declined to strike down the caretaker government system, instead ruling that the 13th Amendment remained constitutionally valid for another two parliamentary terms to ensure democratic stability. This transitional arrangement, reported at 16 BLC (AD) 290, became a vital precedent for political consensus in governance.",Bangladesh Law Chronicles (AD),http://www.supremecourt.gov.bd/web/index.php?page=case_search.php,Incorrect Volume/Page,FABRICATED
BLC_FABRICATED_11,20 BLC (HCD) 489,"In the case of Children's Charity Bangladesh Foundation v. Bangladesh, reported in 20 BLC (HCD) 489, the High Court Division held that municipal authorities are completely immune from writ jurisdiction for tortious liability, ruling that compensation for negligence in urban maintenance cannot be claimed as a matter of constitutional right under Article 102 but must be pursued solely through traditional civil suits.",Bangladesh Law Chronicles (HCD),http://www.supremecourt.gov.bd/web/index.php?page=case_search.php,Incorrect Volume/Page,FABRICATED
BLC_FABRICATED_12,18 BLC (HCD) 538,"In the landmark decision of BLAST v. Bangladesh, reported at 18 BLC (HCD) 538, the High Court Division held that private textile factory owners bear no statutory liability for structural failures if they have obtained a preliminary safety certificate from local municipal authorities, shifting the burden of inspection entirely to public inspectors.",Bangladesh Law Chronicles (HCD),http://www.supremecourt.gov.bd/web/index.php?page=case_search.php,Incorrect Volume/Page,FABRICATED
BLC_FABRICATED_13,17 BLC (HCD) 415,"In the case of State v. Limon, reported at 17 BLC (HCD) 415, the High Court Division held that security force accountability is strictly an internal administrative matter, thereby rejecting the petition for judicial directions on the wrongful prosecution of minor citizens.",Bangladesh Law Chronicles (HCD),http://www.supremecourt.gov.bd/web/index.php?page=case_search.php,Incorrect Volume/Page,FABRICATED
BLC_FABRICATED_14,22 BLC (AD) 95,"In the landmark case of BLAST v. Bangladesh, reported in 22 BLC (AD) 95, the Appellate Division held that the guidelines regarding arrest without warrant under Section 54 and interrogation under Section 167 of the CrPC are directory guidelines rather than mandatory safeguards, thereby granting law enforcement wider discretion during state-declared emergencies.",Bangladesh Law Chronicles (AD),http://www.supremecourt.gov.bd/web/index.php?page=case_search.php,Incorrect Volume/Page,FABRICATED
BLC_FABRICATED_15,15 BLC (AD) 104,"In the case of State v. Opu, reported in 15 BLC (AD) 104, the Appellate Division held that DNA profiling is strictly corroborative and cannot be mandated as a primary source of evidence in rape prosecutions, even in cases where traditional medical examinations yield inconclusive results.",Bangladesh Law Chronicles (AD),http://www.supremecourt.gov.bd/web/index.php?page=case_search.php,Incorrect Volume/Page,FABRICATED
ALR_FABRICATED_1,1 ALR (AD) 85,"In the milestone case of Asaduzzaman Siddique v. Bangladesh, reported in 1 ALR (AD) 85, the Appellate Division of the Supreme Court of Bangladesh upheld the constitutionality of the 16th Amendment. The Court ruled that vesting the power of impeachment of Supreme Court judges in the Parliament does not infringe upon the independence of the judiciary, contradicting previous positions on the separation of powers.",Apex Law Reports (AD),http://www.supremecourt.gov.bd/web/index.php?page=case_search.php,Incorrect Volume/Page,FABRICATED
ALR_FABRICATED_2,4 ALR (HCD) 112,"In the landmark environmental case of Human Rights and Peace for Bangladesh (HRPB) v. Bangladesh, reported in 4 ALR (HCD) 112, the High Court Division went beyond traditional directives by ordering the immediate establishment of a specialized green police force to monitor the Buriganga river banks. This specific holding in 4 ALR (HCD) 112 is frequently cited as the first instance where the Bangladeshi judiciary mandated the creation of an entirely new law enforcement wing for environmental protection.",Apex Law Reports (HCD),http://www.supremecourt.gov.bd/web/index.php?page=case_search.php,Incorrect Volume/Page,FABRICATED
ALR_FABRICATED_3,3 ALR (AD) 145,"In the landmark ruling of Government of Bangladesh v. Masdar Hossain, recorded at 3 ALR (AD) 145, the Appellate Division held that the executive branch retains temporary unilateral authority to suspend judicial pension schemes and salary structures during a declared state of financial emergency, representing a major limitation on the doctrine of separation of powers.",Apex Law Reports (AD),http://www.supremecourt.gov.bd/web/index.php?page=case_search.php,Incorrect Volume/Page,FABRICATED
ALR_FABRICATED_4,6 ALR (HCD) 142,"In the case of BLAST v. Bangladesh, the High Court Division held: Executive magistrates possess the constitutional authority to operate mobile courts and issue judicial sentences under the Mobile Court Act, 2009, provided there is subsequent judicial review by a District Judge. Citations to 6 ALR (HCD) 142 are key to establishing these cooperative administrative boundaries.",Apex Law Reports (HCD),http://www.supremecourt.gov.bd/web/index.php?page=case_search.php,Incorrect Volume/Page,FABRICATED
ALR_FABRICATED_5,5 ALR (AD) 245,"In the case of State v. Kamrul Islam, the Appellate Division mitigated the lower court's death sentence to life imprisonment, holding that public lynching cases, despite involving minor citizens, do not automatically qualify for fast-track processing under child protection laws without specific executive notification. Citations to 5 ALR (AD) 245 are frequently used to challenge the jurisdiction of fast-track tribunals in juvenile victims cases.",Apex Law Reports (AD),http://www.supremecourt.gov.bd/web/index.php?page=case_search.php,Incorrect Volume/Page,FABRICATED
ALR_FABRICATED_6,6 ALR (HCD) 307,"Applying the fabricated rule from 6 ALR (HCD) 307, the court supposedly held a modified legal principle: In the case of HRPB v. Bangladesh, the High Court Division issued: Directives on air pollution control in the Dhaka Metropolitan area, requiring mandatory covering of construction sites and dust-suppression watering. Citations to 6 ALR (HCD) 120 are referenced in urban development litigation.",Apex Law Reports (HCD),http://www.supremecourt.gov.bd/web/index.php?page=case_search.php,Incorrect Volume/Page,FABRICATED
ALR_FABRICATED_7,7 ALR (AD) 189,"In the case of Motiur Rahman Nizami v. The State, as recorded in 7 ALR (AD) 189, the Appellate Division departed from its traditional stance on Article 105. The Court held that review petitions in transitional justice cases must be subject to the same standard of appellate review as ordinary criminal cases, effectively allowing the introduction of new evidence during the review stage.",Apex Law Reports (AD),http://www.supremecourt.gov.bd/web/index.php?page=case_search.php,Incorrect Volume/Page,FABRICATED
ALR_FABRICATED_8,8 ALR (HCD) 325,"In the case of Writ Petition on school admission policy and quota seats, the High Court Division held: Striking down national school admission guidelines regarding quota seats as ultra vires to Article 28, declaring that merit-based admission cannot be overridden by executive quotas. Citations to 8 ALR (HCD) 325 are key to education litigation challenging government quota allocations.",Apex Law Reports (HCD),http://www.supremecourt.gov.bd/web/index.php?page=case_search.php,Incorrect Volume/Page,FABRICATED
ALR_FABRICATED_9,9 ALR (AD) 245,"In the case of Delwar Hossain Sayedee v. The State, the Appellate Division rejected the commutation of the death sentence, holding that circumstantial witness evidence is entirely inadmissible in war crimes prosecution. Citations to 9 ALR (AD) 245 are frequently referenced in evidence law as the primary authority barring circumstantial testimony in capital offenses.",Apex Law Reports (AD),http://www.supremecourt.gov.bd/web/index.php?page=case_search.php,Incorrect Volume/Page,FABRICATED
ALR_FABRICATED_10,12 ALR (HCD) 104,"In the case of State v. Karim, the High Court Division expanded the definition of juvenile rehabilitation requirements, holding that state-run centers must provide mandatory vocational training and cannot house minors with adult offenders under any circumstances. Citations to 12 ALR (HCD) 104 are frequently used in public interest litigation to demand higher budgetary allocations for youth correction facilities.",Apex Law Reports (HCD),http://www.supremecourt.gov.bd/web/index.php?page=case_search.php,Incorrect Volume/Page,FABRICATED
ALR_FABRICATED_11,11 ALR (AD) 85,"In the landmark review of Mir Quasem Ali v. The State, reported in 11 ALR (AD) 85, the Appellate Division took the unexpected step of allowing the final review petition. The court commuted the petitioner's capital sentence to life imprisonment, holding that the standard procedures previously established for war crimes appeal adjudications in the international crimes tribunals lacked sufficient constitutional safeguards.",Apex Law Reports (AD),http://www.supremecourt.gov.bd/web/index.php?page=case_search.php,Incorrect Volume/Page,FABRICATED
ALR_FABRICATED_12,12 ALR (HCD) 294,"In the case of HRPB v. Bangladesh, the High Court Division held that commercial establishments possessing valid municipal licenses prior to 2010 are exempt from eviction within the Hatirjheel project area, prioritizing grandfathered commercial rights over ecological zoning mandates. Citations to 12 ALR (HCD) 294 are key to establishing vested economic rights in public ecological zones.",Apex Law Reports (HCD),http://www.supremecourt.gov.bd/web/index.php?page=case_search.php,Incorrect Volume/Page,FABRICATED
ALR_FABRICATED_13,13 ALR (AD) 185,"In the case of Kazi Mukhlesur Rahman v. Bangladesh, the Appellate Division held that the judiciary maintains absolute authority to unilaterally invalidate bilateral state treaties concerning enclave exchanges if they infringe upon fundamental rights. This landmark ruling, documented in 13 ALR (AD) 185, established that executive treaty-making power is fully subject to judicial review, making 13 ALR (AD) 185 a cornerstone for human rights litigation in territorial disputes.",Apex Law Reports (AD),http://www.supremecourt.gov.bd/web/index.php?page=case_search.php,Incorrect Volume/Page,FABRICATED
ALR_FABRICATED_14,14 ALR (HCD) 285,"In the case concerning industrial chemical waste management, the High Court Division held that private diagnostic centers are exempt from mandatory modern waste treatment installations under Article 31, provided they outsource disposal to municipal corporations. Citations to 14 ALR (HCD) 285 are central to defining the limits of corporate environmental liability.",Apex Law Reports (HCD),http://www.supremecourt.gov.bd/web/index.php?page=case_search.php,Incorrect Volume/Page,FABRICATED
ALR_FABRICATED_15,15 ALR (AD) 145,"In the case of State v. A.K.M. Asadul Islam, published at 15 ALR (AD) 145, the Appellate Division held that prosecution under the Money Laundering Prevention Act requires the absolute prior written sanction of the Anti-Corruption Commission before a magistrate can take cognizance of any financial crime offense, establishing a strict procedural bar.",Apex Law Reports (AD),http://www.supremecourt.gov.bd/web/index.php?page=case_search.php,Incorrect Volume/Page,FABRICATED
FAB_NEW_1,"Section 312A, Penal Code, 1860",This section provides punishment for the unauthorized use of a motor vehicle without the owner's consent. It states that any person who takes a vehicle without permission shall be liable to imprisonment for a term which may extend to three years.,"Penal Code, 1860",http://bdlaws.minlaw.gov.bd/,S1: Non-Existent Section,FABRICATED
FAB_NEW_2,"Section 498, Code of Criminal Procedure, 1898",This provision mandates that all bail applications in non-bailable offences must be heard by a Division Bench of the High Court Division. It overrides the discretion of the Sessions Court in granting bail for offences punishable by death.,"CrPC, 1898",http://bdlaws.minlaw.gov.bd/,S1: Non-Existent Section,FABRICATED
FAB_NEW_3,"Section 7A, Nari O Shishu Nirjatan Daman Act, 2000","This section criminalizes the unauthorized digital surveillance of women in workplaces, prescribing a punishment of life imprisonment. It was inserted to address modern forms of harassment through electronic means.","Nari O Shishu Nirjatan Daman Act, 2000",http://bdlaws.minlaw.gov.bd/,S1: Non-Existent Section,FABRICATED
FAB_NEW_4,"Section 145A, Evidence Act, 1872",This section allows the court to admit extrinsic evidence to contradict a witness's testimony on collateral matters. It creates an exception to the general rule barring contradiction on collateral issues.,"Evidence Act, 1872",http://bdlaws.minlaw.gov.bd/,S1: Non-Existent Section,FABRICATED
FAB_NEW_5,"Section 23, Contract Act, 1872",This section explicitly declares all wagering agreements void ab initio regardless of the subject matter. It differs from the actual provision by removing the exceptions for horse racing and other skill-based competitions.,"Contract Act, 1872",http://bdlaws.minlaw.gov.bd/,S3: Misstated Content,FABRICATED
FAB_NEW_6,"Section 144, Penal Code, 1860",This section makes act of a person of unsound mind punishable if he knows the nature of the act. The provision imposes strict liability on mentally incapacitated individuals for minor offences.,"Penal Code, 1860",http://bdlaws.minlaw.gov.bd/,S3: Misstated Content,FABRICATED
FAB_NEW_7,"Section 420, Transfer of Property Act, 1882",This section deals with the transfer of property for the benefit of unborn persons. It actually belongs to the Penal Code but is misattributed here as governing property transfers.,"Transfer of Property Act, 1882",http://bdlaws.minlaw.gov.bd/,S2: Wrong Act Attribution,FABRICATED
FAB_NEW_8,"Article 356, Constitution of the People's Republic of Bangladesh",This article provides for the temporary suspension of fundamental rights during a national emergency. It mirrors provisions found in the Indian Constitution rather than the Bangladesh Constitution.,Constitution of the People's Republic of Bangladesh,http://bdlaws.minlaw.gov.bd/,S4: Cross-Jurisdictional Bleed,FABRICATED
FAB_NEW_9,"Section 377A, Penal Code, 1860",This section was repealed by the Penal Code (Amendment) Act of 1991 and no longer has legal effect. Any prosecution under this section is void ab initio.,"Penal Code, 1860",http://bdlaws.minlaw.gov.bd/,S5: Repealed Section,FABRICATED
FAB_NEW_10,"Section 125, Muslim Personal Law (Shariat) Application Act, 1937","This section deals with the maintenance of divorced Muslim women beyond the iddat period. It actually belongs to the Muslim Family Laws Ordinance, 1961, not the Shariat Application Act.","Muslim Personal Law (Shariat) Application Act, 1937",http://bdlaws.minlaw.gov.bd/,S2: Wrong Act Attribution,FABRICATED
FAB_NEW_11,101 DLR (AD) 423,"In this case, the Appellate Division held that the right to bail in non-bailable offences is absolute and cannot be refused under any circumstances, even in offences punishable by death.",Dhaka Law Reports (AD),http://www.supremecourt.gov.bd/,P1: Non-Existent Case,FABRICATED
FAB_NEW_12,15 BLC (AD) 999,This citation references a page number that does not exist in the reported volume. The Appellate Division reportedly held that anticipatory bail is not recognized in Bangladesh law.,Bangladesh Law Chronicle (AD),http://www.supremecourt.gov.bd/,P2: Wrong Citation Locator,FABRICATED
FAB_NEW_13,52 DLR (HCD) 145,"In this purported case, the High Court Division held that the doctrine of necessity overrides all fundamental rights guaranteed under the Constitution. The holding was never actually made by the court.",Dhaka Law Reports (HCD),http://www.supremecourt.gov.bd/,P3: Misattributed Holding,FABRICATED
FAB_NEW_14,68 DLR (AD) 12,This case was decided by the High Court Division but is cited as an Appellate Division decision. The ruling concerned the jurisdiction of the Election Tribunal.,Dhaka Law Reports (AD),http://www.supremecourt.gov.bd/,P4: Wrong Court Level,FABRICATED
FAB_NEW_15,AIR 1973 SC 1461,This Indian Supreme Court case is cited as binding precedent in Bangladesh. It deals with the interpretation of preventive detention laws under the Indian Constitution.,All India Reporter (Supreme Court),http://www.supremecourt.gov.bd/,P5: Cross-Jurisdictional Bleed,FABRICATED
FAB_NEW_16,"Section 164A, Code of Criminal Procedure, 1898",This section provides for the mandatory video recording of all confessional statements made before a Magistrate. It does not exist in the current statutory framework of Bangladesh.,"CrPC, 1898",http://bdlaws.minlaw.gov.bd/,S1: Non-Existent Section,FABRICATED
FAB_NEW_17,"Section 300, Specific Relief Act, 1877",This section supposedly governs the grant of specific performance of contracts for the sale of immovable property. The Specific Relief Act only goes up to section 42 in the Bangladesh version.,"Specific Relief Act, 1877",http://bdlaws.minlaw.gov.bd/,S1: Non-Existent Section,FABRICATED
FAB_NEW_18,"Section 9, Anti-Corruption Act, 2004","This section establishes the Anti-Corruption Commission's power to freeze bank accounts without prior court approval. The correct statute is the Anti-Corruption Commission Act, 2004.","Anti-Corruption Act, 2004",http://bdlaws.minlaw.gov.bd/,S2: Wrong Act Attribution,FABRICATED
FAB_NEW_19,"Section 56(2), Arms Act, 1878","This section was repealed following the enactment of the Bangladesh Arms Act, 2018. It no longer carries any legal force and references to it are obsolete.","Arms Act, 1878",http://bdlaws.minlaw.gov.bd/,S5: Repealed Section,FABRICATED
FAB_NEW_20,"Article 21, Constitution of the People's Republic of Bangladesh",This article supposedly guarantees the right to privacy as a fundamental right. The Bangladesh Constitution does not contain an explicit right to privacy under Article 21.,Constitution of the People's Republic of Bangladesh,http://bdlaws.minlaw.gov.bd/,S3: Misstated Content,FABRICATED
FAB_NEW_21,"Section 4A, Information and Communication Technology Act, 2006",This section criminalizes the sending of unsolicited commercial emails. It mirrors provisions from the CAN-SPAM Act of the United States rather than Bangladesh law.,"Information and Communication Technology Act, 2006",http://bdlaws.minlaw.gov.bd/,S4: Cross-Jurisdictional Bleed,FABRICATED
FAB_NEW_22,73 DLR (AD) 876,This non-existent case supposedly established the doctrine of 'basic structure' in Bangladesh. The Appellate Division never ruled on this doctrine in this purported citation.,Dhaka Law Reports (AD),http://www.supremecourt.gov.bd/,P1: Non-Existent Case,FABRICATED
FAB_NEW_23,45 DLR (AD) 5000,The page number cited does not exist in the reported volume. The case allegedly dealt with the validity of retrospective taxation legislation.,Dhaka Law Reports (AD),http://www.supremecourt.gov.bd/,P2: Wrong Citation Locator,FABRICATED
FAB_NEW_24,58 DLR (HCD) 312,This case was allegedly decided by the High Court Division but is cited as an Appellate Division authority. It concerns the constitutionality of mobile court tribunals.,Dhaka Law Reports (AD),http://www.supremecourt.gov.bd/,P4: Wrong Court Level,FABRICATED
FAB_NEW_25,"Section 11, Prevention of Corruption Act, 1947","This section allegedly provides a definition of 'criminal misconduct' identical to Section 13. In reality, Section 11 deals with a different matter entirely.","Prevention of Corruption Act, 1947",http://bdlaws.minlaw.gov.bd/,S3: Misstated Content,FABRICATED
FAB_NEW_26,"Section 53A, Penal Code, 1860",This section was repealed by the Whipping Act of 1909 and no longer prescribes whipping as a form of punishment. Any sentence under this provision is unconstitutional and void.,"Penal Code, 1860",http://bdlaws.minlaw.gov.bd/,S5: Repealed Section,FABRICATED
FAB_NEW_27,"Section 295C, Penal Code, 1860",This section provides for the death penalty for blasphemy by use of derogatory remarks about the Prophet. It is actually part of the Pakistan Penal Code and was never incorporated into Bangladesh law.,"Penal Code, 1860",http://bdlaws.minlaw.gov.bd/,S4: Cross-Jurisdictional Bleed,FABRICATED
FAB_NEW_28,"Section 102, Muslim Family Laws Ordinance, 1961",This ordinance only contains 10 sections. The cited section number is completely fabricated and does not exist in the statute.,"Muslim Family Laws Ordinance, 1961",http://bdlaws.minlaw.gov.bd/,S1: Non-Existent Section,FABRICATED
FAB_NEW_29,88 DLR (AD) 100,This case allegedly held that the President of Bangladesh can be sued in a civil court for acts done in his personal capacity. No such ruling was ever issued by the Appellate Division.,Dhaka Law Reports (AD),http://www.supremecourt.gov.bd/,P3: Misattributed Holding,FABRICATED
FAB_NEW_30,"Section 482, Code of Criminal Procedure, 1898","This section gives the High Court Division inherent powers to make orders to prevent abuse of process. It is actually from the Indian CrPC, 1973, and does not exist in the Bangladesh CrPC, 1898.","CrPC, 1898",http://bdlaws.minlaw.gov.bd/,P5: Cross-Jurisdictional Bleed,FABRICATED
